Image,Task,Result,Execution Time (seconds)
Kanye_West_Ye_2012_SPRING_READY-TO-WEAR_1.jpg,Tell me Context of an outfitTell me Theme of an outfitTell me Collection Notes of an outfitTell me Garment of an outfitTell me Garment style of an outfitTell me Design elements of an outfitTell me vibe of an outfitTell me emotional tone of an outfit," The image captures a fashion show featuring models walking on a white runway. The runway is set against a white wall, and the background is blurred, drawing attention to the models and their dynamic movements. The central focus is a model in a black leather jacket and a black skirt, striding confidently towards the camera. Her blonde hair flows down her back, complementing the overall look. The model's outfit includes a black leather vest, a black leather skirt, and a black leather cinched boot. She also wears a black leather belt. Her outfit is complemented by a black leather bib, a black leather cinched boot, and a black leather strap. Her black leather jacket has a contrasting white collar. Her black leather skirt is paired with black leather boots. Her black leather belt features a white buckle. Her black leather jacket has a white collar. Her black leather boots have a white sole. Her black leather cinched at the ankle adds a touch of elegance to her ensemble. Her black leather jacket also has a white collar. Her black leather boots have a white sole. Her black leather jacket has a white collar. Her black leather jacket also has a white collar. Her black leather jacket has a white collar. Her black leather jacket also has a white collar. Her black leather jacket also has a white collar. Her black leather jacket also has a white collar. Her black leather jacket also has a white collar. Her black leather jacket also has a white collar. Her black leather jacket also has a white collar. Her black leather jacket also has a white collar. Her black leather jacket also has a white collar. Her black leather jacket also has a white collar. Her black leather jacket also has a white collar. Her black leather jacket also has a white collar. Her black leather jacket also has a white collar. Her black leather jacket also has a white collar. Her black leather jacket also has a white collar. Her black leather jacket also has a white collar. Her black leather jacket also has a white collar. Her black leather jacket also has a white collar. Her black leather jacket also has a white collar. Her black leather jacket also has a white collar. Her black leather jacket also has a white collar. Her black leather jacket also has a white collar. Her black leather jacket also has a white collar. Her black leather jacket also has a white collar. Her black leather jacket also has a white collar. Her black leather jacket also has a white collar. Her black leather jacket also has a white collar. Her black leather jacket also",68.504385471344
Kanye_West_Ye_2012_FALL_READY-TO-WEAR_15.jpg,Tell me Context of an outfitTell me Theme of an outfitTell me Collection Notes of an outfitTell me Garment of an outfitTell me Garment style of an outfitTell me Design elements of an outfitTell me vibe of an outfitTell me emotional tone of an outfit," The image captures a fashion show, with a model striding the runway. She wears a black and white striped top with a ruffled collar and black pants with a black and white striped pattern. The model's hair is styled in a loose, textured, and tousled style. She also wears a black belt with a chain-link design. The runway is a stark white, contrasting with the black and white attire of the model. The background is a blur of other fashion models and a dark, indistinct setting, providing a sense of the vastness of the fashion show.",11.86953353881836
Kanye_West_Ye_2012_SPRING_READY-TO-WEAR_6.jpg,Tell me Context of an outfitTell me Theme of an outfitTell me Collection Notes of an outfitTell me Garment of an outfitTell me Garment style of an outfitTell me Design elements of an outfitTell me vibe of an outfitTell me emotional tone of an outfit," The image captures a fashion show featuring models showcasing a variety of styles. The runway is lined with a variety of clothing, including a black sleeveless top with a gold or light-colored accent, a black skirt, and a pair of black boots with gold accents. The models are wearing black and white striped socks and black tights or leggings. The background is a blurred space, with the presence of other models and a crowd of spectators adding to the dynamic atmosphere of the event. The image is taken from a low angle, emphasizing the height of the models and the grandeur of the runway.",11.204423189163208
Kanye_West_Ye_2012_SPRING_READY-TO-WEAR_2.jpg,Tell me Context of an outfitTell me Theme of an outfitTell me Collection Notes of an outfitTell me Garment of an outfitTell me Garment style of an outfitTell me Design elements of an outfitTell me vibe of an outfitTell me emotional tone of an outfit," The image captures a fashion show, with the central figure being a woman. She is elegantly dressed in a black dress with gold accents, including a fur-trimmed vest and a fur-trimmed collar. The dress also features a black belt and a black, possibly faux, skirt. Her long, dark hair cascades down her back, complementing the overall look. She holds a black clutch in her hand, and her face is lit up with a smile. The background is a blur of other models, their outfits a mix of modern and vintage styles, adding to the dynamic atmosphere of the event.",11.896038293838501
Kanye_West_Ye_2012_FALL_READY-TO-WEAR_14.jpg,Tell me Context of an outfitTell me Theme of an outfitTell me Collection Notes of an outfitTell me Garment of an outfitTell me Garment style of an outfitTell me Design elements of an outfitTell me vibe of an outfitTell me emotional tone of an outfit," The image captures a fashion show featuring models wearing a predominantly black ensemble. The outfit includes a black top with a ruffled collar and black pants with a textured, faux leather-like appearance. The model's hair is styled in a high ponytail, and she wears a black bracelet on her wrist. The runway is bathed in soft, ambient light, and the background is a blur of other fashion models and the cityscape, creating a sense of depth and suggesting a bustling, dynamic environment.",10.481392621994019
Kanye_West_Ye_2012_FALL_READY-TO-WEAR_8.jpg,Tell me Context of an outfitTell me Theme of an outfitTell me Collection Notes of an outfitTell me Garment of an outfitTell me Garment style of an outfitTell me Design elements of an outfitTell me vibe of an outfitTell me emotional tone of an outfit," The image captures a fashion show featuring models wearing predominantly black outfits. The outfits include a black turtleneck sweater, a black dress with a black belt, and black boots. The runway is a light gray color, and the background is blurred, suggesting movement and a sense of the fashion show in progress.",5.903496742248535
Kanye_West_Ye_2012_SPRING_READY-TO-WEAR_9.jpg,Tell me Context of an outfitTell me Theme of an outfitTell me Collection Notes of an outfitTell me Garment of an outfitTell me Garment style of an outfitTell me Design elements of an outfitTell me vibe of an outfitTell me emotional tone of an outfit," The image captures a fashion show featuring models walking on a white runway. The runway is bordered by a black and white striped barrier. The models are wearing a variety of outfits, including a beige dress with a black and white striped scarf, a beige dress with a gold belt, and a beige dress with a black and white striped scarf. The models are also wearing gold-colored earrings and gold-colored ankle boots. The background is a blurred cityscape, providing a sense of location and enhancing the overall aesthetic of the fashion show.",9.953496932983398
Kanye_West_Ye_2012_SPRING_READY-TO-WEAR_14.jpg,Tell me Context of an outfitTell me Theme of an outfitTell me Collection Notes of an outfitTell me Garment of an outfitTell me Garment style of an outfitTell me Design elements of an outfitTell me vibe of an outfitTell me emotional tone of an outfit," The image captures a fashion show featuring models walking on a white runway. The runway is adorned with a variety of pink and gold outfits, including a pink dress with a pink and gold pattern, a pink dress with a pink and gold pattern, and a pink dress with a pink and gold pattern. The models are wearing white heels with a sparkly or beaded design. The background is a stark white, providing a contrast to the vibrant outfits and enhancing the focus on the models. The perspective of the image is from the front of the runway, providing a clear view of the models and the overall design of the runway.",11.081603765487671
Kanye_West_Ye_2012_FALL_READY-TO-WEAR_12.jpg,Tell me Context of an outfitTell me Theme of an outfitTell me Collection Notes of an outfitTell me Garment of an outfitTell me Garment style of an outfitTell me Design elements of an outfitTell me vibe of an outfitTell me emotional tone of an outfit," The image captures a fashion show featuring models wearing predominantly black outfits. The outfits, which appear to be made of a leather-like material, include a black top and a black skirt. The models are also wearing black gloves. The runway is a neutral gray, providing a contrast to the black outfits. The background is blurred, drawing the viewer's attention to the models and their elegant attire.",6.8468921184539795
Kanye_West_Ye_2012_FALL_READY-TO-WEAR_5.jpg,Tell me Context of an outfitTell me Theme of an outfitTell me Collection Notes of an outfitTell me Garment of an outfitTell me Garment style of an outfitTell me Design elements of an outfitTell me vibe of an outfitTell me emotional tone of an outfit," The image captures a fashion show, with the central focus being a model dressed in a black outfit. She is wearing a black top with a textured, possibly leather-like, collar and black pants with a high-low hemline. She carries a black, textured, possibly leather, tote bag in her hand. The runway is visible in the background, with a blurred crowd of spectators. The runway is a light gray color, and the background is a dark gray.",9.759915590286255
Kanye_West_Ye_2012_SPRING_READY-TO-WEAR_19.jpg,Tell me Context of an outfitTell me Theme of an outfitTell me Collection Notes of an outfitTell me Garment of an outfitTell me Garment style of an outfitTell me Design elements of an outfitTell me vibe of an outfitTell me emotional tone of an outfit," The image captures a fashion show, with the central figure wearing a black outfit with a black and white patterned scarf. The outfit includes a black jacket, a black and white striped top, and a black and white patterned skirt. The model's black boots are paired with a cream-colored knit sweater. She also wears a black cardigan over the black jacket and black and white striped top. Her hair is styled in a loose, textured bob. The model's outfit is complemented by a pair of cream-colored boots. The backdrop is a white wall, with a blurred audience visible in the background.",11.045410394668579
Kanye_West_Ye_2012_FALL_READY-TO-WEAR_13.jpg,Tell me Context of an outfitTell me Theme of an outfitTell me Collection Notes of an outfitTell me Garment of an outfitTell me Garment style of an outfitTell me Design elements of an outfitTell me vibe of an outfitTell me emotional tone of an outfit," The image captures a fashion show featuring models wearing a predominantly black and dark gray/brown ensemble. The models are walking on a runway, with a blurred audience in the background. The runway is bathed in soft light, and the scene is set against a dark background, possibly a runway or a dimly lit area. The models are wearing a variety of black and brown outfits, including a black coat with a high collar, a black dress with a high neckline, and a black leather jacket. The model in the center of the image is wearing a black leather jacket and a black dress with a high neckline. The model's hair is styled in a sleek, pulled-back style.",14.573164463043213
Kanye_West_Ye_2012_FALL_READY-TO-WEAR_9.jpg,Tell me Context of an outfitTell me Theme of an outfitTell me Collection Notes of an outfitTell me Garment of an outfitTell me Garment style of an outfitTell me Design elements of an outfitTell me vibe of an outfitTell me emotional tone of an outfit," The image shows a model walking down a runway during a fashion show. The model is wearing a black outfit consisting of a black leather jacket with a high collar and a black, sheer, long-sleeved top. The outfit also includes a black, sheer, long-sleeved top underneath the jacket. The model's hair is styled in a loose, textured, and tousled style. She is wearing black ankle boots with a chunky heel. The runway is a dark gray color, and the background is blurred, suggesting a nighttime setting. The runway is lit by artificial lights, and the background is dark, possibly with a cityscape.",13.624884128570557
Kanye_West_Ye_2012_SPRING_READY-TO-WEAR_10.jpg,Tell me Context of an outfitTell me Theme of an outfitTell me Collection Notes of an outfitTell me Garment of an outfitTell me Garment style of an outfitTell me Design elements of an outfitTell me vibe of an outfitTell me emotional tone of an outfit," The image captures a fashion show featuring models walking on a white runway. The runway is bordered by a white wall, and the background is filled with a blurred audience. The models are wearing a variety of outfits, including a beige top with a ruched waist and a beige skirt with a lace-up detail. The outfit on the woman in the foreground features a beige and brown striped skirt and a beige top with a lace-up detail. The outfit on the woman in the background is primarily beige and brown with a lace-up detail. The audience is seated in the background, observing the models.",12.600143909454346
Kanye_West_Ye_2012_FALL_READY-TO-WEAR_18.jpg,Tell me Context of an outfitTell me Theme of an outfitTell me Collection Notes of an outfitTell me Garment of an outfitTell me Garment style of an outfitTell me Design elements of an outfitTell me vibe of an outfitTell me emotional tone of an outfit," The image depicts a model elegantly walking down a runway. She is wearing a fur coat with a blend of brown and beige tones, and a black top. The coat is long and flows down to the floor, creating a sense of movement. The model's outfit includes a black leather top and black leather pants, which contrast with the fur coat. She carries a beige fur-trimmed tote bag in her hand. Her hair is styled in a high, pulled-back fashion, and she wears black boots. The runway is set against a backdrop of a neutral-toned floor, and a blurred audience can be seen in the background.",13.023109436035156
Kanye_West_Ye_2012_FALL_READY-TO-WEAR_7.jpg,Tell me Context of an outfitTell me Theme of an outfitTell me Collection Notes of an outfitTell me Garment of an outfitTell me Garment style of an outfitTell me Design elements of an outfitTell me vibe of an outfitTell me emotional tone of an outfit," The image captures a fashion show, with the focus on a model walking down a runway. The model is wearing a black ensemble, including a black leather jacket, a black leather skirt, and a black choker-style necklace. She also wears a black leather corset and black ankle boots. The runway is a light gray color, and the background is blurred, suggesting a bustling fashion environment. The model's outfit is a striking contrast, with the black leather elements adding a touch of sophistication. The image is taken from a low angle, emphasizing the model's presence and the dynamic nature of the fashion show.",11.526588916778564
Kanye_West_Ye_2012_FALL_READY-TO-WEAR_4.jpg,Tell me Context of an outfitTell me Theme of an outfitTell me Collection Notes of an outfitTell me Garment of an outfitTell me Garment style of an outfitTell me Design elements of an outfitTell me vibe of an outfitTell me emotional tone of an outfit," The image captures a fashion show featuring models showcasing a variety of fur and leather-inspired designs. The central figure is a model elegantly striding down the runway, wearing a fur coat with a mix of dark and light brown tones, a black top with a metallic or faux-metallic pattern, and black boots with a textured sole. The model's hair is styled in a sleek, pulled-back style, and she wears a black corset-style top with a cinched waist and a black belt. The runway is a dark gray or black surface, providing a stark contrast to the models' outfits. In the background, other models can be seen, their outfits slightly blurred, adding to the dynamic atmosphere of the fashion show.",14.560239553451538
Kanye_West_Ye_2012_FALL_READY-TO-WEAR_16.jpg,Tell me Context of an outfitTell me Theme of an outfitTell me Collection Notes of an outfitTell me Garment of an outfitTell me Garment style of an outfitTell me Design elements of an outfitTell me vibe of an outfitTell me emotional tone of an outfit," The image captures a fashion show, with a model striding the center. The model is wearing a white blouse and a beige skirt, paired with a beige scarf and a beige cardigan. The outfit is completed with a beige corset-style top and a beige cinched boot. The model's attire is completed with a beige scarf and a beige cardigan. The background is a blur of the runway, with the presence of other models and the blurred background, including a partial view of a person in a light-colored top, providing a sense of the dynamic nature of the fashion show. The model's face is not visible, and the beige accessories, including the corset, cardigan, and boots, are also visible.",15.608680248260498
Kanye_West_Ye_2012_FALL_READY-TO-WEAR_1.jpg,Tell me Context of an outfitTell me Theme of an outfitTell me Collection Notes of an outfitTell me Garment of an outfitTell me Garment style of an outfitTell me Design elements of an outfitTell me vibe of an outfitTell me emotional tone of an outfit," The image shows a model walking down a runway. She is wearing a black ensemble consisting of a black leather jacket with a corset-style top and a black leather skirt. The jacket has a belted waist and cuffs, and the skirt is cinched at the waist with a belt. The model's hair is styled in a loose, textured, and slightly tousled style. She is wearing black ankle boots with a chunky heel and a black belt. The runway is set against a backdrop of a blue and white gradient, with a subtle light source, possibly from the runway's lights.",11.765600204467773
Kanye_West_Ye_2012_SPRING_READY-TO-WEAR_24.jpg,Tell me Context of an outfitTell me Theme of an outfitTell me Collection Notes of an outfitTell me Garment of an outfitTell me Garment style of an outfitTell me Design elements of an outfitTell me vibe of an outfitTell me emotional tone of an outfit," The image shows a man standing in a minimalist setting, possibly a runway or fashion show environment. He is wearing a light gray or white t-shirt and dark-colored pants, along with a watch on his left wrist. His face is lit up with a smile, and his arms are crossed over his chest. His hair is dark and appears to be styled in a low ponytail. The background is a stark white, with a vertical line running down the center, providing a contrast to the man's figure. The man is standing on a reflective surface, possibly water, which reflects his image and adds depth to the scene.",12.713191270828247
Kanye_West_Ye_2012_FALL_READY-TO-WEAR_6.jpg,Tell me Context of an outfitTell me Theme of an outfitTell me Collection Notes of an outfitTell me Garment of an outfitTell me Garment style of an outfitTell me Design elements of an outfitTell me vibe of an outfitTell me emotional tone of an outfit," The image captures a fashion show featuring a model in a black leather jacket with a fur collar and a black, possibly faux fur, lining. The model is also wearing a black, possibly faux fur, fur-trimmed black top and a black, possibly faux fur, skirt. She is wearing a black, possibly faux fur, fur cinched at the waist with a gold-colored belt. The model's outfit is completed with a pair of black boots with gold accents. The runway is a dark gray, and the background is blurred, drawing the viewer's attention to the featured model and the overall fashion show setting.",11.899560689926147
Kanye_West_Ye_2012_FALL_READY-TO-WEAR_20.jpg,Tell me Context of an outfitTell me Theme of an outfitTell me Collection Notes of an outfitTell me Garment of an outfitTell me Garment style of an outfitTell me Design elements of an outfitTell me vibe of an outfitTell me emotional tone of an outfit," The image captures a fashion show featuring models wearing a predominantly black ensemble. The outfit includes a black leather jacket with a shiny, metallic sheen, a black leather corset, and a pair of black knee-high boots. The model's hair is styled in a sleek, pulled-back style, and she wears a black, sheer top with a high neckline. The runway is bathed in a soft, ambient light, and the background includes a blurred area that might be a crowd and a possible structure. The overall color scheme is dominated by black, with the black clothing and boots providing a stark contrast.",12.116182565689087
Kanye_West_Ye_2012_SPRING_READY-TO-WEAR_4.jpg,Tell me Context of an outfitTell me Theme of an outfitTell me Collection Notes of an outfitTell me Garment of an outfitTell me Garment style of an outfitTell me Design elements of an outfitTell me vibe of an outfitTell me emotional tone of an outfit," The image captures a fashion show featuring models walking on a white runway. The runway is bordered by a black wall, and the background is filled with a blurred audience. The models are wearing a variety of outfits, including a white top with a black and blue patterned design, a blue denim jacket, and a black top with a white collar. The outfit on the right side of the runway is predominantly black and white, with a gold-toned belt. The outfit on the left side of the runway is predominantly black and white, with a gold-toned belt. The models' outfits feature a variety of colors, including black, white, blue, and gold. The background is a blur of the audience, adding to the dynamic atmosphere of the fashion show.",14.614435911178589
Kanye_West_Ye_2012_FALL_READY-TO-WEAR_3.jpg,Tell me Context of an outfitTell me Theme of an outfitTell me Collection Notes of an outfitTell me Garment of an outfitTell me Garment style of an outfitTell me Design elements of an outfitTell me vibe of an outfitTell me emotional tone of an outfit," The image captures a fashion show, with the central focus being a model walking down a runway. She is wearing a black leather jacket with a zipper and a black, possibly faux, leather, overlay or panel on the chest. She is also wearing a black, possibly faux, skirt with a textured or patterned design. The runway is a dark gray or blue-gray, and the background is blurred, suggesting the presence of other models. The image is taken from a low angle, emphasizing the model's presence and adding to the sense of motion and activity. The model's attire, including the black leather jacket, black top, and black boots, complements the overall color scheme of the image. The runway is a dark gray or blue-gray, and the background is a dark gray or blue-gray, providing a neutral backdrop that allows the focus to remain on the model and the details of the outfit.",18.131489753723145
Kanye_West_Ye_2012_SPRING_READY-TO-WEAR_12.jpg,Tell me Context of an outfitTell me Theme of an outfitTell me Collection Notes of an outfitTell me Garment of an outfitTell me Garment style of an outfitTell me Design elements of an outfitTell me vibe of an outfitTell me emotional tone of an outfit," The image captures a fashion show featuring models walking on a white runway. The runway is bordered by a stark white wall, creating a striking contrast. The models are wearing a variety of outfits, including a white top with a gold or light-colored belt, a white skirt, and a pair of white sandals. The outfit on the lower part of the image includes a white t-shirt and a white and beige striped skirt. The model in the center is wearing a white top with a gold or light-colored belt and a white skirt. Her hair is styled in loose waves, and she wears a light-colored necklace. Her outfit also includes a white t-shirt and a beige and white striped skirt. Her shoes are a light beige or tan.",15.702331781387329
Kanye_West_Ye_2012_SPRING_READY-TO-WEAR_15.jpg,Tell me Context of an outfitTell me Theme of an outfitTell me Collection Notes of an outfitTell me Garment of an outfitTell me Garment style of an outfitTell me Design elements of an outfitTell me vibe of an outfitTell me emotional tone of an outfit," The image captures a fashion show featuring models walking on a white runway. The runway is bordered by a black wall, providing a stark contrast to the white backdrop. The models are wearing a variety of outfits, including a white dress with a gold or light-colored accent, a peach or coral-colored dress, and a pair of strappy black heels. The models' attire includes a white dress with a gold or light-colored accent, a white dress with a gold or light-colored accent, and a pair of black strappy heels. One model is wearing a gold or light-colored dress, and the other is wearing a white dress with a gold or light-colored accent. The models' outfits, along with the black wall, create a cohesive and visually appealing scene.",15.93380069732666
Kanye_West_Ye_2012_SPRING_READY-TO-WEAR_16.jpg,Tell me Context of an outfitTell me Theme of an outfitTell me Collection Notes of an outfitTell me Garment of an outfitTell me Garment style of an outfitTell me Design elements of an outfitTell me vibe of an outfitTell me emotional tone of an outfit," The image captures a fashion show featuring models wearing white outfits with a subtle pink or blush undertone. The outfits include a long-sleeved top with a sheer or lace overlay and a pair of shorts with a contrasting pink or blush underline. The model's hair is styled in a low bun or updo. The runway is visible in the background, with a blurred audience of spectators. The image is taken from a low angle, emphasizing the height of the models and the expanse of the runway.",10.312850713729858
Kanye_West_Ye_2012_SPRING_READY-TO-WEAR_5.jpg,Tell me Context of an outfitTell me Theme of an outfitTell me Collection Notes of an outfitTell me Garment of an outfitTell me Garment style of an outfitTell me Design elements of an outfitTell me vibe of an outfitTell me emotional tone of an outfit," The image captures a fashion show featuring a model in a silver outfit with a high neck and a long train. The model's hair is styled in a loose, textured, and slightly tousled style, and she wears a simple, off-the-shoulder top. The outfit includes a long, thin, metallic-looking skirt that flows down to the floor, creating a sense of movement. The model's outfit is complemented by a pair of blue and gold high-heeled shoes. The backdrop is a white wall, with a black and white photograph of a person in the background, adding depth to the scene. The image is taken from a low angle, emphasizing the model's stature and the grandeur of the event.",14.155698537826538
Kanye_West_Ye_2012_SPRING_READY-TO-WEAR_8.jpg,Tell me Context of an outfitTell me Theme of an outfitTell me Collection Notes of an outfitTell me Garment of an outfitTell me Garment style of an outfitTell me Design elements of an outfitTell me vibe of an outfitTell me emotional tone of an outfit," The image captures a fashion show featuring models walking on a white runway. The runway is flanked by a black and white model in the foreground and a model in the background, both wearing black outfits with a gold or tan colored element on the shoulders and sleeves. The models are wearing a variety of black and gold outfits, including a black dress with a gold belt, a black top with a gold or tan colored element, and a black skirt. The models' outfits are complemented by gold accessories, such as a gold bracelet and a gold-colored necklace. The background is a stark white, providing a contrast that makes the models and their outfits stand out. The image is taken from a low angle, emphasizing the height of the models and the grandeur of the runway.",15.61007308959961
Kanye_West_Ye_2012_FALL_READY-TO-WEAR_21.jpg,Tell me Context of an outfitTell me Theme of an outfitTell me Collection Notes of an outfitTell me Garment of an outfitTell me Garment style of an outfitTell me Design elements of an outfitTell me vibe of an outfitTell me emotional tone of an outfit," The image shows a person standing in a dark, possibly indoor, space, possibly a stage or performance area. The person is wearing a dark blue or navy jacket and a white apron. They are holding a microphone in their right hand and their left hand is raised in the air. The background is dark and indistinct, with a faint suggestion of a stage or performance area. The lighting is not clearly visible, and the overall impression is of a dimly lit, possibly indoor, setting.",9.459547758102417
Kanye_West_Ye_2012_SPRING_READY-TO-WEAR_20.jpg,Tell me Context of an outfitTell me Theme of an outfitTell me Collection Notes of an outfitTell me Garment of an outfitTell me Garment style of an outfitTell me Design elements of an outfitTell me vibe of an outfitTell me emotional tone of an outfit," The image captures a fashion show featuring models. The central figure is a model wearing a black top with a gold/brown-toned design and gold-toned pants. The outfit includes a black cardigan and a gold-toned top underneath. The model's long, light brown hair is styled in a loose, slightly tousled manner. The background is a simple white wall, providing a contrast to the models' vibrant outfits. Other models are visible in the background, adding to the dynamic atmosphere of the fashion show.",10.144287586212158
Kanye_West_Ye_2012_FALL_READY-TO-WEAR_17.jpg,Tell me Context of an outfitTell me Theme of an outfitTell me Collection Notes of an outfitTell me Garment of an outfitTell me Garment style of an outfitTell me Design elements of an outfitTell me vibe of an outfitTell me emotional tone of an outfit," The image captures a fashion show featuring models wearing a predominantly white outfit. The outfit includes a fur-trimmed jacket with a fur collar, a white fur-trimmed vest, and a white fur-trimmed skirt. The model's boots are a metallic gold or brass color. The runway is set against a backdrop of a cityscape, with buildings and a street visible in the background. The image is taken from a low angle, emphasizing the height of the models and the grandeur of the cityscape.",9.8079092502594
Kanye_West_Ye_2012_SPRING_READY-TO-WEAR_11.jpg,Tell me Context of an outfitTell me Theme of an outfitTell me Collection Notes of an outfitTell me Garment of an outfitTell me Garment style of an outfitTell me Design elements of an outfitTell me vibe of an outfitTell me emotional tone of an outfit," The image captures a fashion show featuring models wearing a predominantly white outfit. The outfit includes a long, white coat with a button-down front and a beige or cream-colored, loose-fitting top. The model's hair is styled in loose waves, and she wears a necklace. The runway is set against a white background, and the blurred figures of other models can be seen in the background. The focus of the image is on the model, with the background providing a sense of depth and space. The model's outfit is detailed, with a portion of her white pants visible.",11.110923290252686
Kanye_West_Ye_2012_SPRING_READY-TO-WEAR_17.jpg,Tell me Context of an outfitTell me Theme of an outfitTell me Collection Notes of an outfitTell me Garment of an outfitTell me Garment style of an outfitTell me Design elements of an outfitTell me vibe of an outfitTell me emotional tone of an outfit," The image captures a fashion show featuring models walking on a white runway. The runway is flanked by a blurred audience, creating a sense of motion and energy. The models are wearing a variety of outfits, including a white sweater, a black and white striped top, and a black and white striped skirt. The outfit on the woman in the foreground features a black and gold/brown and gold/gold ensemble, with a black and gold/brown and gold/gold ensemble top and a black and gold/brown and gold skirt. The outfit on the woman in the background is a light beige or cream color. The background is a simple white wall, providing a stark contrast to the models' vibrant outfits.",12.964706659317017
Kanye_West_Ye_2012_SPRING_READY-TO-WEAR_22.jpg,Tell me Context of an outfitTell me Theme of an outfitTell me Collection Notes of an outfitTell me Garment of an outfitTell me Garment style of an outfitTell me Design elements of an outfitTell me vibe of an outfitTell me emotional tone of an outfit," The image captures a fashion show featuring models wearing a predominantly white and beige ensemble. The outfit includes a striped shirt, a short skirt, and a jacket, all in a white and beige color palette. The model's hair is styled in a loose, textured, and voluminous fashion, and she wears a gold-colored belt. She also sports a gold-colored bracelet on her left wrist and a gold-colored necklace. The model's outfit is completed with a pair of gold-colored strappy sandals. The runway is visible in the background, and the audience is partially visible in the background, seated and seemingly focused on the models.",12.249126434326172
Kanye_West_Ye_2012_SPRING_READY-TO-WEAR_7.jpg,Tell me Context of an outfitTell me Theme of an outfitTell me Collection Notes of an outfitTell me Garment of an outfitTell me Garment style of an outfitTell me Design elements of an outfitTell me vibe of an outfitTell me emotional tone of an outfit," The image captures a fashion show featuring models walking on a white runway. The runway is bordered by a stark white wall, creating a striking contrast with the black and white outfits of the models. The models are wearing black dresses with a black and white striped pattern, and a black choker necklace. The models are also wearing black strappy heeled sandals. The background is slightly blurred, drawing focus to the action-packed scene. The image is taken from a low angle, enhancing the sense of depth and scale.",9.59748363494873
Kanye_West_Ye_2012_FALL_READY-TO-WEAR_19.jpg,Tell me Context of an outfitTell me Theme of an outfitTell me Collection Notes of an outfitTell me Garment of an outfitTell me Garment style of an outfitTell me Design elements of an outfitTell me vibe of an outfitTell me emotional tone of an outfit," The image captures a fashion show featuring models wearing a predominantly gold and brown ensemble. The central figure is a model wearing a coat with a high collar and a cape-like element, and a long, flowing skirt. The coat is primarily a muted gold or taupe color, with a contrasting black collar. The model's outfit is complemented by a black strappy sandal. The background is a blurred cityscape, providing a sense of the location and the dynamic nature of the fashion show.",9.08190393447876
Kanye_West_Ye_2012_SPRING_READY-TO-WEAR_23.jpg,Tell me Context of an outfitTell me Theme of an outfitTell me Collection Notes of an outfitTell me Garment of an outfitTell me Garment style of an outfitTell me Design elements of an outfitTell me vibe of an outfitTell me emotional tone of an outfit," The image captures a fashion show featuring models walking on a white runway. The runway is bordered by a black and white striped wall. The models are wearing a variety of outfits, including a white top with a light-colored, possibly beige or cream, and a white skirt. The top features a unique, asymmetrical design with a cutout in the center. The model in the center is wearing a white, long-sleeved top with a light-colored, possibly white, panel on the chest. She also wears a white, long-sleeved top with a light-colored, possibly white, panel on the chest. Her hair is styled in loose waves, and she wears a light-colored, possibly beige, top with a white panel on the chest. The models' outfits include a white top with a light-colored, possibly beige, panel on the chest and a white, possibly beige, top with a light-colored, possibly beige, panel on the chest. The background is a blurred white wall, providing a contrast to the action in the foreground.",21.749728679656982
Kanye_West_Ye_2012_SPRING_READY-TO-WEAR_21.jpg,Tell me Context of an outfitTell me Theme of an outfitTell me Collection Notes of an outfitTell me Garment of an outfitTell me Garment style of an outfitTell me Design elements of an outfitTell me vibe of an outfitTell me emotional tone of an outfit," The image captures a fashion show, with the central figure wearing a white off-the-shoulder top and beige pants. The outfit is complemented by a gold belt, adding a touch of elegance. The model's long, light brown hair cascades down, and she wears a watch on her left wrist. She stands on a white runway, her attention focused on the audience. The audience is seated in the background, their attention following the model's presentation. The backdrop is a simple white wall, providing a stark contrast to the vibrant outfits and the white surface of the runway.",11.265787839889526
Kanye_West_Ye_2012_SPRING_READY-TO-WEAR_13.jpg,Tell me Context of an outfitTell me Theme of an outfitTell me Collection Notes of an outfitTell me Garment of an outfitTell me Garment style of an outfitTell me Design elements of an outfitTell me vibe of an outfitTell me emotional tone of an outfit," The image captures a fashion show featuring models wearing a predominantly gold and brown color scheme. The outfits include a gold-colored top with a layered, textured design and a matching skirt, both accented with a metallic sheen. The model in the center wears a gold-colored, sheer, cropped top with a black belt. The model to her left is wearing a white top with a black and white striped pattern. The background is a simple white wall, providing a contrast to the vibrant outfits. The perspective of the image is from the front of the runway, offering a clear view of the models' attire and the overall fashion show setting.",12.721545696258545
Kanye_West_Ye_2012_FALL_READY-TO-WEAR_11.jpg,Tell me Context of an outfitTell me Theme of an outfitTell me Collection Notes of an outfitTell me Garment of an outfitTell me Garment style of an outfitTell me Design elements of an outfitTell me vibe of an outfitTell me emotional tone of an outfit," The image captures a fashion show featuring a model in a black dress with a ruffled skirt and a high neckline. The dress has a cut-out design on the chest and a ruffle detail at the midsection. The model is also wearing a black strappy sandal or ankle bracelet. The runway is a blur of colors, with the black dress standing out against the lighter hues of the background. The background is a blur of people, their forms indistinct and blurred, adding a sense of movement and life to the scene. The dress features a black lace or fabric detail on the neckline and a black belt or sash around the waist. The model's hair is styled in a sleek, pulled-back style.",15.73787808418274
Kanye_West_Ye_2012_FALL_READY-TO-WEAR_2.jpg,Tell me Context of an outfitTell me Theme of an outfitTell me Collection Notes of an outfitTell me Garment of an outfitTell me Garment style of an outfitTell me Design elements of an outfitTell me vibe of an outfitTell me emotional tone of an outfit," The image shows a model walking down a runway, dressed in a black outfit consisting of a jacket, black pants, and a black hat. She is also wearing a black leather jacket and a black leather corset. The model is holding a black fur-trimmed umbrella in her right hand and a black purse in her left hand. The runway is set against a backdrop of a blue and white gradient, with a blurred figure in the background. The model's outfit and the umbrella's color scheme are the central focus of the image, with the blurred background enhancing the sense of movement and speed. The model's attire and the umbrella's color suggest a fashion show or runway presentation.",13.418335676193237
Kanye_West_Ye_2012_SPRING_READY-TO-WEAR_18.jpg,Tell me Context of an outfitTell me Theme of an outfitTell me Collection Notes of an outfitTell me Garment of an outfitTell me Garment style of an outfitTell me Design elements of an outfitTell me vibe of an outfitTell me emotional tone of an outfit," The image captures a fashion show featuring models walking on a white runway. The runway is bordered by a white wall, and the background is filled with other models, some blurred, suggesting movement and action. The central figure is a model in a vibrant blue top and matching blue bottoms, with a gold necklace. Her hair is styled in a sleek, pulled-back manner. The outfit includes a pair of blue leggings with a blue and white pattern. The model's shoes are a mix of blue and white, complementing the overall color scheme. The image is taken from a low angle, emphasizing the height of the runway and the prominence of the models.",12.949872493743896
Kanye_West_Ye_2012_FALL_READY-TO-WEAR_10.jpg,Tell me Context of an outfitTell me Theme of an outfitTell me Collection Notes of an outfitTell me Garment of an outfitTell me Garment style of an outfitTell me Design elements of an outfitTell me vibe of an outfitTell me emotional tone of an outfit," The image captures a fashion show featuring models wearing a predominantly black ensemble. The outfit includes a black leather jacket with a shiny, metallic sheen, a black leather skirt with a textured, leather-like pattern, and black boots with a textured, leather-like sole. The model's hair is styled in a high, pulled-back style, and she wears a black, shiny, and textured necklace. The runway is a light gray or off-white, and the background is blurred, suggesting the presence of other models and the dynamic atmosphere of the fashion show.",11.401189088821411
Kanye_West_Ye_2012_SPRING_READY-TO-WEAR_3.jpg,Tell me Context of an outfitTell me Theme of an outfitTell me Collection Notes of an outfitTell me Garment of an outfitTell me Garment style of an outfitTell me Design elements of an outfitTell me vibe of an outfitTell me emotional tone of an outfit," The image captures a fashion show featuring models walking on a white runway. The central figure is a model wearing a white blouse with a black and white geometric pattern, a red and black skirt, and black tights with a black and white geometric pattern. She also wears a black cropped jacket and a gold-colored necklace. Her hair is styled in loose waves. The model's outfit is complemented by a brown leather handbag. The background is a blurred audience, seated in the same fashion, adding to the dynamic atmosphere of the fashion show.",10.571708679199219
